Route,BestFor,DailyTime,WeeklyFocus,Milestone
10-minute route,Busy adult beginner,10 minutes,One spoken pattern plus yesterday review,Build a daily habit without overwhelm
25-minute route,Serious self-study learner,25 minutes,Audio shadowing pattern practice workbook and voice note,Finish one small lesson cycle most days
Intensive route,Tutor student or launch sprint,80 minutes,Lesson audio workbook speaking task and review,Move quickly through the beginner core
30-day quick path,Travel family and confidence starters,10-25 minutes,Greetings family food directions questions and repair phrases,Handle simple real-life exchanges
90-day serious path,Adult beginner aiming for conversation,25-45 minutes,Core patterns listening drills workbook and weekly speaking tasks,Manage common family food travel shopping and daily-life conversations
180-day mastery path,Long-term learner or tutor student,45-80 minutes,Grammar reference stories register script reading and correction,Use broader topics tense patterns and independent reading practice
Heritage learner path,Understands Malayalam but hesitates to speak,25 minutes,Sentence patterns voice notes family-call scripts and correction,Reply to relatives in short natural Malayalam sentences
Spouse or in-law path,Family connection,10-25 minutes,Respect words greetings food family culture and polite sentences,Greet relatives and manage simple family conversations
Kerala travel path,Travel survival,10-25 minutes,Directions transport food shopping hotel health and help,Ask for help buy food ask prices and follow simple directions
